0,2283,00047fa80bae38cf675483d18abf65799bd0cc3a8402ff6f0066071deb9fd530,,Hola,Mundo,hola,NosE
1,3510,000e2826a6a264165b753381012f9e75e9cdf942430bbc03acde259dfebe078c,00047fa80bae38cf675483d18abf65799bd0cc3a8402ff6f0066071deb9fd530,Hola1,Mundo1,Nose1,NosE1,Hola1,Mundo1,Nose1,NosE1,Hola1,Mundo1,Nose1,NosE1,Hola1,Mundo1,Nose1,NosE1,Hola1,Mundo1,Nose1,NosE1,Hola1,Mundo1,Nose1,NosE1,Hola1,Mundo1,Nose1,NosE1,Hola1,Mundo1,Nose1,NosE1,Hola1,Mundo1,Nose1,NosE1
2,1879,00071a599410e089149f9eae6fc01d9a50d2bcff78239061ae5340dfbb3b164f,000e2826a6a264165b753381012f9e75e9cdf942430bbc03acde259dfebe078c,Hola,Mundo,hola,NosE
3,1052,0002ec5b14f51666937b1be59ea7a8f8e848678d12fa45f19994eb1a3a4ed0ee,00071a599410e089149f9eae6fc01d9a50d2bcff78239061ae5340dfbb3b164f,Hola1,Mundo1,Nose1,NosE1
4,3430,000bd69f9554b6081ab49048e68c3104f097a720a859d16568c23f517b390bce,0002ec5b14f51666937b1be59ea7a8f8e848678d12fa45f19994eb1a3a4ed0ee,Hola,Mundo,hola,NosE
5,8918,0008219a6bf5bac4bad232a77e2133e4086cb00781ef44cdc1a80bc769efa2af,000bd69f9554b6081ab49048e68c3104f097a720a859d16568c23f517b390bce,Hola1,Mundo1,Nose1,NosE1
6,1492,0001b56cfc6c3f9bdbe0862a5d476eb4a14fbd6a12523dc910460434602471fb,0008219a6bf5bac4bad232a77e2133e4086cb00781ef44cdc1a80bc769efa2af,Hola,Mundo,hola,NosE
7,7720,0006572735739ea19f91395ff87c6c07995f9cf7be35c1e164fe451df6579fd5,0001b56cfc6c3f9bdbe0862a5d476eb4a14fbd6a12523dc910460434602471fb,Hola1,Mundo1,Nose1,NosE1
8,1713,000781ceb049575ecb11cb72b77041ba55d04a535fbc4e0dcc4bbdac2cf1970d,0006572735739ea19f91395ff87c6c07995f9cf7be35c1e164fe451df6579fd5,Hola,Mundo,hola,Hola
9,2485,000f7ecfd6b12fd103db3e9ff475f34679b3db9b812f3248c453a0dba2aa7127,000781ceb049575ecb11cb72b77041ba55d04a535fbc4e0dcc4bbdac2cf1970d,Mundo,hola,NosE,Hola1
10,441,00009cd78381038a4b8ef9804dc67f726fa8f8f32f5dcb4b2dfcd829e24b0bbc,000f7ecfd6b12fd103db3e9ff475f34679b3db9b812f3248c453a0dba2aa7127,Mundo1,Nose1,NosE1,Hola
11,811,0009574a42631e51d7d36bac67bcc3ceb17a67dbaf051bcb120da9393174988f,00009cd78381038a4b8ef9804dc67f726fa8f8f32f5dcb4b2dfcd829e24b0bbc,Mundo,hola,NosE,Hola
12,275,000aa6769069f85c5858bfb5509c9e0cf52e42a2c16a5b18e5e3572abe133148,0009574a42631e51d7d36bac67bcc3ceb17a67dbaf051bcb120da9393174988f,Mundo,hola,NosE,Hola1
13,2426,00032fed2ea7a6eb91c01c9b15a760687d1b6f44399dfe0783aea268e6fa26e1,000aa6769069f85c5858bfb5509c9e0cf52e42a2c16a5b18e5e3572abe133148,Mundo1,Nose1,NosE1,Hola
14,1084,00020b385aeab3fcdd84361930cbe2642f27f906c5a567811fe10ed5ce290d60,00032fed2ea7a6eb91c01c9b15a760687d1b6f44399dfe0783aea268e6fa26e1,Mundo,hola,NosE,Hola1
15,3734,000a58015d6e41408b0c7fe0794d983538ac659ace9a0e1dc69f0e474af11fc7,00020b385aeab3fcdd84361930cbe2642f27f906c5a567811fe10ed5ce290d60,Hola,Mundo,hola,NosE
16,2769,000cb9d6aaf83981621efb9cb9b1d413eb4ebba0e46b719aeab5ad7df01f6af7,000a58015d6e41408b0c7fe0794d983538ac659ace9a0e1dc69f0e474af11fc7,Hola1,Mundo1,Nose1,NosE1
17,2637,000bc8224653dd84e361f1e782776938e3ef761cdd93a398c29f6b83b2c1175b,000cb9d6aaf83981621efb9cb9b1d413eb4ebba0e46b719aeab5ad7df01f6af7,Hola,Mundo,hola,NosE
18,2821,000cf4a520de22dc2c2a0635e858c784f1f025ae04e6a03cd6d7ecd4052ae5cd,000bc8224653dd84e361f1e782776938e3ef761cdd93a398c29f6b83b2c1175b,Hola1,Mundo1,Nose1,NosE1
19,699,000773ec251f7a8cfc56efb23c6d1dcda5711b6a80f32aeb5b204f1aaa9233db,000cf4a520de22dc2c2a0635e858c784f1f025ae04e6a03cd6d7ecd4052ae5cd,Hola,Mundo,hola,NosE
20,1131,0002b3ec3026e7d62c9d05ea744fe33892ca21fd1bc0a265001952a31d841671,000773ec251f7a8cfc56efb23c6d1dcda5711b6a80f32aeb5b204f1aaa9233db,Hola1,Mundo1,Nose1,NosE1